Key,comment,ja-jp,en-us,zh-cn,zh-tw,ko-kr,es-es,ar-sa,id-id,
ExtendedChromaKey_Label,,拡張クロマキー,Extended Chroma Key,扩展色度键,擴展色度鍵,확장 크로마키,Croma Key Extendido,مفتاح كروما موسع,Kroma Key yang Diperluas,
GroupName_BasicSettings,,基本設定,Basic Settings,基本设置,基本設定,기본 설정,Configuración Básica,الإعدادات الأساسية,Pengaturan Dasar,
GroupName_KeyingMode,,キーイングモード,Keying Mode,抠像模式,去背模式,키잉 모드,Modo de Recorte,وضع المفتاح,Mode Keying,
GroupName_KeyingAdjustment,,キーイング調整,Keying Adjustment,抠像调整,去背調整,키잉 조정,Ajuste de Recorte,ضبط المفتاح,Penyesuaian Keying,
GroupName_Gradient,,グラデーション,Gradient,渐变,漸層,그라데이션,Degradado,تدرج,Gradasi,
GroupName_ColorReplacement,,色置換,Color Replacement,颜色替换,色彩取代,색상 오버레이,Reemplazo de Color,استبدال اللون,Penggantian Warana,
GroupName_QualityOptimization,,品質最適化,Quality Optimization,质量优化,品質最佳化,품질 최적화,Optimización de Calidad,تحسين الجودة,Optimasi Kualitas,
GroupName_ExceptionSettings,,例外設定,Exception Settings,例外设置,例外設定,예외 설정,Excepciones,إعدادات الاستثناء,Pengaturan Pengecualian,
GroupName_ColorCorrection,,色補正,Color Correction,色彩校正,色彩校正,색상 보정,Corrección de Color,تصحيح الألوان,Koreksi Warna,
GroupName_Other,,その他,Other,其他,其他,기타,Otros,أخرى,Lainnya,
GroupName_Debug,,デバッグ,Debug,调试,偵錯,디버그,Depurar,تصحيح,Debug,
BaseColor_Name,,基本色,Base Color,基本色,基本色,기본 색상,Color Base,اللون الأساسي,Warna Dasar,
BaseColor_Desc,,透過する基本色を指定します。,Specifies the base color for transparency.,指定需要透明的基本颜色。,指定需要透明的基本顏色。,투명하게 만들 기본 색상을 지정합니다.,Especifica el color base para la transparencia.,يحدد اللون الأساسي للشفافية.,Menentukan warna dasar untuk transparansi.,
EndColor_Name,,終端色,End Color,结束色,終端色,끝 색상,Color Final,لون النهاية,Warna Akhir,
EndColor_Desc,,グラデーションの終端色を指定します。基本色とこの色の間がクロマキー対象になります。,Specifies the end color of the gradient. The range between the base color and this color will be keyed.,指定渐变的结束颜色。基本色与此色之间的范围将被作为抠像对象。,指定漸層的終端色。基本色與此色之間的範圍將作為去背標的。,그라데이션의 끝 색상을 지정합니다. 기본 색상과 이 색상 사이가 크로마키 대상이 됩니다.,Especifica el color final del degradado. El rango entre el color base y este color será recortado.,يحدد لون نهاية التدرج. سيتم تحديد النطاق بين اللون الأساسي وهذا اللون.,Menentukan warna akhir gradasi. Rentang antara warna dasar dan warna ini akan dipotong.,
MainKeyColor_Name,,主要キーイング色,Main Key Color,主要抠像色,主要去背色,주요 키잉 색상,Color Principal de Recorte,مفتاح اللون الرئيسي,Warna Kunci Utama,
MainKeyColor_Desc,,キーイングの基準となる主要な色を選択します。背景色に合わせて選択してください。,Select the primary color to be keyed. Choose according to your background color.,选择抠像的参考主色。请根据背景颜色进行选择。,選擇去背的參考主色。請根據背景色彩進行選擇。,키잉의 기준이 되는 주요 색상을 선택합니다. 배경색에 맞게 선택하세요.,Seleccione el color principal para recortar. Elija según el color de fondo.,حدد اللون الرئيسي المراد مفتاحه. اختر وفقا للون الخلفية.,Pilih warna utama yang akan dikunci. Sesuaikan dengan warna latar belakang.,
Tolerance_Name,,許容値,Tolerance,容差,容差,허용 오차,Tolerancia,التسامح,Toleransi,
Tolerance_Desc,,色の許容範囲。0%に設定すると選択した色のみが対象になります。,Tolerance range for the key color. 0% targets only the exact selected color.,颜色的允许范围。设置为 0% 时仅处理所选的绝对颜色。,色彩的容許範圍。設為 0% 時僅處理選取的絕對色彩。,색상의 허용 범위입니다. 0%로 설정하면 선택한 색상만 대상이 됩니다.,Rango de tolerancia. En 0% solo afecta el color exacto seleccionado.,نطاق التسامح للون. 0% يستهدف اللون المحدد بالضبط.,Toleransi rentang warna. 0% hanya akan memotong warna yang sama persis.,
LuminanceMix_Name,,輝度ミックス,Luminance Mix,亮度混合,亮度混合,휘도 혼합,Mezcla de Luminancia,مزيج النصوع,Campuran Luminasi,
LuminanceMix_Desc,,輝度をキーイング判定にどれだけ使用するかを調整します。値を上げると、明るい部分（発光など）が背景から分離されやすくなります。,Adjusts how much luminance is used for keying. Higher values help separate bright areas from the background.,调整在抠像判定中使用多少亮度信息。数值越大，发光等明亮部分越容易与背景分离。,調整在去背判定中使用多少亮度資訊。數值越大，發光等明亮部分越容易與背景分離。,키잉 판정에 휘도를 얼마나 사용할지 조정합니다. 값을 올리면 밝은 부분이 배경에서 더 쉽게 분리됩니다.,Ajusta cuánta luminancia usar en el recorte. Valores altos separan mejor las áreas brillantes.,يضبط مقدار النصوع المستخدم. القيم الأعلى تساعد على فصل المناطق الساطعة بسهولة أكبر.,Menyesuaikan seberapa banyak pencahayaan digunakan untuk keying. Nilai tinggi membantu memisahkan area terang dari latar belakang.,
EdgeSoftness_Name,,エッジの柔らかさ,Edge Softness,边缘柔和度,邊緣柔和度,가장자리 부드러움,Suavidad de Borde,نعومة الحافة,Kelembutan Tepi,
EdgeSoftness_Desc,,透過境界の柔らかさを調整します。,Adjusts the softness of the transparent boundary.,调整透明边界的柔和度。,調整透明邊界的柔和度。,투명 경계의 부드러움을 조정합니다.,Ajusta la suavidad del límite transparente.,يضبط نعومة حدود الشفافية.,Menyesuaikan kelembutan batas transparan.,
ClipBlack_Name,,クリップ(黒),Clip Black,剪切(黑),剪裁(黑),클립(블랙),Recorte Negro,مقطع أسود,Klip Hitam,
ClipBlack_Desc,,マスクの黒レベルを調整します。背景のノイズ除去に有効です。,Adjusts the black level of the matte. Useful for removing background noise.,调整遮罩的黑电平。用于去除背景噪点。,調整遮罩的黑階。適用於去除背景雜訊。,마스크의 검은색 레벨을 조정합니다. 배경의 노이즈를 제거하는 데 효과적입니다.,Ajusta el nivel negro del mate. Útil para eliminar ruido del fondo.,يضبط مستوى الأسود للقناع. مفيد لإزالة ضوضاء الخلفية.,Menyesuaikan tingkat hitam pada matte. Berguna untuk menghilangkan noise latar belakang.,
ClipWhite_Name,,クリップ(白),Clip White,剪切(白),剪裁(白),클립(화이트),Recorte Blanco,مقطع أبيض,Klip Putih,
ClipWhite_Desc,,マスクの白レベルを調整します。前景（特に発光部分）をくっきりと残すのに有効です。,Adjusts the white level of the matte. Helps keep the foreground (especially luminous parts) solid.,调整遮罩的白电平。有效保留前景（特别是发光部分）的清晰度。,調整遮罩的白階。能有效保留前景（尤其是發光部分）的清晰度。,마스크의 흰색 레벨을 조정합니다. 전경(특히 발광 부분)을 뚜렷하게 남기는 데 효과적입니다.,Ajusta el nivel blanco. Mantiene el primer plano (especialmente partes luminosas) sólido.,يضبط مستوى الأبيض. يحافظ على المقدمة (خاصة الأجزاء المضيئة) صلبة.,Menyesuaikan tingkat putih pada matte. Membantu mempertahankan objek depan tetap jelas.,
EdgeBlur_Name,,エッジぼかし,Edge Blur,边缘模糊,邊緣模糊,가장자리 흐림,Desenfocar Borde,تمويه الحافة,Blur Tepi,
EdgeBlur_Desc,,マスクの境界をぼかして滑らかにします。粗いエッジの調整に有効です。,Blurs the edges of the matte to make them smoother. Good for fixing rough edges.,模糊遮罩边界以使其平滑。对调整粗糙边缘有效。,模糊遮罩邊界以使其平滑。對調整粗糙邊緣有效。,마스크의 경계를 흐리게 하여 매끄럽게 만듭니다. 거친 가장자리 조정에 효과적입니다.,Desenfoca los bordes del mate para suavizarlos. Ideal para bordes ásperos.,يموه حواف القناع لجعله أكثر سلاسة. مفيد لإصلاح الحواف الخشنة.,Membuat batas matte menjadi buram agar lebih halus. Efektif untuk batas kasar.,
GradientStrength_Name,,グラデーション強度,Gradient Strength,渐变强度,漸層強度,그라데이션 강도,Fuerza de Degradado,قوة التدرج,Kekuatan Gradasi,
GradientStrength_Desc,,グラデーション効果の強さを調整します。0%で基本色のみ、100%で基本色から終端色へのグラデーションになります。,"Adjusts the strength of the gradient effect. 0% is base color only, 100% is a full gradient to the end color.",调整渐变效果的强度。0% 表示仅基本色，100% 表示基本色到结束色的完全渐变。,調整漸層效果的強度。0% 表示僅有基本色，100% 表示基本色到終端色的完全漸層。,"그라데이션 효과의 강도를 조정합니다. 0%는 기본 색상, 100%는 끝 색상까지의 완벽한 그라데이션입니다.","Ajusta la fuerza del degradado. 0% es solo base, 100% es completo hasta el final.",يضبط قوة التدرج. 0% للون الأساسي فقط، 100% للتدرج الكامل للون النهائي.,"Menyesuaikan kekuatan efek gradasi. 0% hanya warna dasar, 100% gradasi penuh.",
GradientAngle_Name,,グラデーション角度,Gradient Angle,渐变角度,漸層角度,그라데이션 각도,Ángulo de Degradado,زاوية التدرج,Sudut Gradasi,
GradientAngle_Desc,,グラデーションの方向を度数で指定します。,Specifies the direction of the gradient in degrees.,以度数指定渐变的方向。,以角度指定漸層的方向。,그라데이션의 방향을 각도로 지정합니다.,Especifica la dirección del degradado en grados.,يحدد اتجاه التدرج بالدرجات.,Menentukan arah gradasi dalam derajat.,
ReplaceColor_Name,,置換色,Replace Color,替换颜色,取代色彩,대체 색상,Color a Reemplazar,لون الاستبدال,Ganti Warna,
ReplaceColor_Desc,,除去した領域を置き換える色を指定します。,Specifies the color to replace the removed area.,指定用于替换已被移除区域的颜色。,指定用於替換已被移除區域的色彩。,제거된 영역을 대체할 색상을 지정합니다.,Color para rellenar las áreas eliminadas.,يحدد اللون الذي سيحل محل المنطقة المزالة.,Menentukan warna untuk mengganti area yang dihapus.,
ReplaceIntensity_Name,,置換の強度,Replace Intensity,替换强度,取代強度,대체 강도,Intensidad,شدة الاستبدال,Intensitas Penggantian,
ReplaceIntensity_Desc,,除去領域を置換色で塗りつぶす強度。,Intensity of filling the removed area with the replace color.,用替换颜色填充被移除区域的强度。,用取代色彩填充被移除區域的強度。,제거된 영역을 대체 색상으로 채우는 강도입니다.,Intensidad de llenado con el color de reemplazo.,شدة التعبئة باللون البديل.,Intensitas pengisian area dengan warna ganti.,
PreserveLuminance_Name,,輝度保持,Preserve Luminance,保持亮度,保持亮度,휘도 유지,Mantener Luminancia,الحفاظ على النصوع,Pertahankan Luminasi,
PreserveLuminance_Desc,,色置換時に元の輝度をどれだけ保持するか。,How much of the original luminance to preserve when replacing color.,替换颜色时保留多少原始的亮度信息。,替換顏色時保留多少原始的亮度資訊。,색상을 대체할 때 원래의 휘도를 얼마나 유지할지 결정합니다.,Cuánta luminancia original mantener durante el reemplazo.,مقدار النصوع الأصلي الذي يجب الحفاظ عليه عند الاستبدال.,Seberapa banyak pencahayaan asli yang dipertahankan.,
ColorSpace_Name,,色空間(カスタム用),Color Space (Custom),色彩空间(自定义),色彩空間(自訂),색 공간(사용자 지정),Espacio de Color (Personalizado),مساحة اللون (مخصص),Ruang Warna (Kustom),
ColorSpace_Desc,,"「主要キーイング色」でカスタムを選択した場合の色距離計算に使用する色空間を選択します。","Selects the color space used to calculate color distance when the main key color is set to custom.","选择在主要抠像色设为自定义时用于计算颜色距离的色彩空间。","選擇在主要去背色設為自訂時用於計算顏色距離的色彩空間。","주요 키잉 색상이 사용자 지정일 때 색상 거리 계산에 사용할 색 공간을 선택합니다.","Elige el espacio de color para calcular distancia cuando el color principal es personalizado.","يحدد مساحة اللون لحساب المسافة عندما يكون المفتاح مخصصا.","Pilih ruang warna yang digunakan untuk jarak warna saat disetel ke kustom.",
HueRange_Name,,色相範囲,Hue Range,色相范围,色相範圍,색조 범위,Rango de Tono,نطاق تدرج اللون,Rentang Rona,
HueRange_Desc,,HSV/LCH色空間使用時の色相許容範囲。,Hue tolerance range when using HSV/LCH color spaces.,使用 HSV/LCH 色彩空间时的色相容差范围。,使用 HSV/LCH 色彩空間時的色相容差範圍。,HSV/LCH 색 공간을 사용할 때의 색조 허용 범위입니다.,Tolerancia de tono en espacios HSV/LCH.,نطاق تسامح صبغة اللون عند استخدام مساحات HSV/LCH.,Toleransi rentang rona saat menggunakan ruang warna HSV/LCH.,
SaturationThreshold_Name,,彩度閾値,Saturation Threshold,饱和度阈值,飽和度閾值,채도 임계값,Umbral de Saturación,عتبة التشبع,Ambang Batas Saturasi,
SaturationThreshold_Desc,,この値以下の彩度の色は、彩度を無視して明度で比較されます。,"Colors with saturation below this value will be compared by brightness, ignoring saturation.",饱和度低于此值的颜色将忽略饱和度，仅通过亮度进行比较。,飽和度低於此值的色彩將忽略飽和度，僅透過亮度進行比較。,이 값 이하의 채도를 가진 색상은 채도를 무시하고 명도로 비교됩니다.,Colores con saturación por debajo se compararán por brillo.,الألوان ذات التشبع الأقل سيتم مقارنتها بالسطوع متجاهلة التشبع.,Warna dengan saturasi di bawah ini akan dibandingkan berdasarkan kecerahan.,
LuminanceRange_Name,,明度範囲,Luminance Range,亮度范围,亮度範圍,명도 범위,Rango de Luminancia,نطاق النصوع,Rentang Luminasi,
LuminanceRange_Desc,,RGB/YUV色空間使用時の明度差の許容範囲。,Luminance difference tolerance when using RGB/YUV color spaces.,使用 RGB/YUV 色彩空间时的亮度差容差范围。,使用 RGB/YUV 色彩空間時的亮度差容差範圍。,RGB/YUV 색 공간을 사용할 때의 명도 차이 허용 범위입니다.,Tolerancia de diferencia de luminancia en RGB/YUV.,تسامح اختلاف النصوع عند استخدام مساحات RGB/YUV.,Toleransi perbedaan luminasi pada ruang warna RGB/YUV.,
SpillSuppression_Name,,スピル除去,Spill Suppression,溢色抑制,溢色抑制,스필 제거,Supresión de Derrame,إزالة الانسكاب,Penekan Tumpahan,
SpillSuppression_Desc,,背景色の被写体への全体的な映り込み（色かぶり）を除去します。,Removes background color casting (spill) on the subject.,去除被摄物体上来自背景颜色的反光（溢色）。,去除被攝物體上來自背景顏色的反光（溢色）。,피사체에 전체적으로 반사된 배경색(스필)을 제거합니다.,Elimina el color de fondo reflejado en el sujeto.,يزيل انعكاس لون الخلفية على الهدف.,Menghilangkan pantulan warna latar belakang pada objek.,
EdgeBalance_Name,,エッジバランス,Edge Balance,边缘平衡,邊緣平衡,가장자리 균형,Balance de Borde,توازن الحافة,Keseimbangan Tepi,
EdgeBalance_Desc,,キーイングの境界を内外に調整します。プラスで内側、マイナスで外側に移動します。,"Adjusts the boundary inwards/outwards. Positive moves inward, negative moves outward.",向内或向外调整抠像边界。正值向内，负值向外。,向內或向外調整去背邊界。正值向內，負值向外。,"키잉 경계를 안팎으로 조절합니다. 양수는 안쪽, 음수는 바깥쪽입니다.",Ajusta el límite hacia adentro (+)/afuera (-).,يضبط الحدود للداخل (+)/أو للخارج (-).,"Menyesuaikan batas ke dalam atau ke luar. Positif ke dalam, negatif ke luar.",
Despot_Name,,デスポット,Despot,去斑,除斑,디스팟(반점 제거),Despot,إزالة البقع,Despot,
Despot_Desc,,マスク内の小さなノイズ（穴やゴミ）を除去します。,Removes small noise (holes or specks) from the matte.,去除遮罩内微小的噪点（孔洞或杂斑）。,去除遮罩內微小的雜訊（孔洞或雜斑）。,마스크 내의 작은 노이즈(구멍이나 얼룩)를 제거합니다.,Remueve pequeños ruidos o agujeros en el mate.,يزيل الضوضاء الصغيرة (الثقوب أو البقع) من القناع.,Menghilangkan bintik atau noise kecil dari matte.,
Erode_Name,,エッジの浸食,Erode Edge,边缘侵蚀,邊緣侵蝕,가장자리 침식,Erosionar Borde,تآكل الحافة,Kikis Tepi,
Erode_Desc,,マスクの境界を拡大・縮小します。輪郭に残る細いフリンジの除去に有効です。,Expands or shrinks the matte boundaries. Useful for removing thin fringes on edges.,扩大或缩小遮罩边界。用于消除轮廓上的细微色边有效。,放大或縮小遮罩邊界。適用於消除輪廓上的細微毛邊。,마스크 경계를 확대/축소합니다. 얇은 프린지 제거에 유용합니다.,Expande o contrae el mate para eliminar franjas delgadas.,يوسع أو يقلص حدود القناع لتقليل الحواف الرقيقة.,Memperluas atau mengecilkan batas matte untuk menghapus tepi tipis.,
ExceptionColor1_Name,,例外色1 (基本),Exception Color 1,例外颜色 1 (基本),例外色 1 (基本),예외 색상 1 (기본),Color de Excepción 1,لون الاستثناء 1,Warna Pengecualian 1,
ExceptionColor1_Desc,,クロマキーから除外する基本色を指定します。この色が透明の場合、この機能は無効になります。,"Color to exclude from keying. If set to transparent, this function is disabled.",指定不进行抠像的基本颜色。如果透明则该机能无效。,指定不進行去背的基本顏色。如果透明則該功能無效。,크로마키에서 제외할 기본 색상을 지정합니다. 투명인 경우 기능이 비활성화됩니다.,Color a excluir del recorte. Inactivo si es transparente.,اللون المستثنى من المفتاح. يعطل إذا كان شفافا.,Warna yang dikecualikan. Nonaktif jika diatur ke transparan.,
ExceptionColor2_Name,,例外色2 (終端),Exception Color 2,例外颜色 2 (结束),例外色 2 (結束),예외 색상 2 (끝),Color de Excepción 2,لون الاستثناء 2,Warna Pengecualian 2,
ExceptionColor2_Desc,,グラデーションの終端色を指定します。この範囲の色はクロマキーされにくくなります。, gradient end color to exclude. Colors within this range will resist being keyed.,指定例外的渐变结束色。处于该范围内的颜色将不易被抠像。,指定例外的漸層結束色。處於該範圍內的顏色將不易被去背。,보호할 그라데이션의 끝 색상을 지정합니다. 이 범위의 색상은 잘 지워지지 않습니다.,Color final del degradado a excluir. Rango resistente al recorte.,لون نهاية التدرج للاستثناء. الألوان في هذا النطاق ستقاوم المفتاح.,Warna akhir gradasi untuk dikecualikan.,
ExceptionTolerance_Name,,許容値,Exception Tolerance,容差,容差,예외 허용 오차,Tolerancia,تسامح الاستثناء,Toleransi Pengecualian,
ExceptionTolerance_Desc,,例外色の許容範囲。値を大きくすると、より広い範囲の色が保護されます。,Tolerance range for exception colors. Higher values protect more colors.,例外色的容差范围。值越大，保护的颜色范围越广。,例外颜色的容差範圍。值越大，保護的顏色範圍越廣。,예외 색상의 허용 범위입니다. 값을 높이면 더 넓은 범위가 보호됩니다.,Tolerancia para excepciones. Valores altos protegen más colores.,نطاق التسامح للألوان المستثناة.,Batas toleransi untuk warna pengecualian.,
ExceptionGradientStrength_Name,,グラデーション強度,Gradient Strength,渐变强度,漸層強度,그라데이션 강도,Fuerza de Degradado,قوة التدرج,Kekuatan Gradasi,
ExceptionGradientStrength_Desc,,例外色のグラデーション効果の強さ。,Strength of the exception color gradient effect.,例外色渐变效果的强度。,例外色漸層效果的強度。,예외 색상의 그라데이션 효과 강도입니다.,Fuerza del efecto de degradado de excepción.,قوة تأثير تدرج لون الاستثناء.,Kekuatan efek gradasi pengecualian.,
ExceptionGradientAngle_Name,,グラデーション角度,Gradient Angle,渐变角度,漸層角度,그라데이션 각도,Ángulo de Degradado,زاوية التدرج,Sudut Gradasi,
ExceptionGradientAngle_Desc,,例外色のグラデーションの方向。,Direction of the exception color gradient.,例外色的渐变方向。,例外色的漸層方向。,예외 색상의 그라데이션 방향입니다.,Dirección del degradado de excepción.,اتجاه تدرج لون الاستثناء.,Arah gradasi warna pengecualian.,
EdgeDesaturation_Name,,エッジの色のじみ除去,Edge Desaturation,边缘去色,邊緣去色,가장자리 채도 감소,Desaturación de Borde,إزالة تشبع الحافة,Pengurangan Saturasi Tepi,
EdgeDesaturation_Desc,,輪郭部分の色の映り込みを低減させ、より自然な合成を実現します。,Reduces edge color bleeding for more natural compositing.,降低边缘的色彩溢出，实现更自然的合成效果。,降低邊緣的色彩溢出，實現更自然的合成效果。,가장자리의 색 번짐을 줄여 자연스러운 합성을 도와줍니다.,Reduce el sangrado de color en bordes para composiciones naturales.,يقلل من نزيف لون الحافة لتركيب أكثر طبيعية.,Mengurangi warna tumpah di tepi untuk hasil yang lebih alami.,
KeyCleanup_Name,,キー・クリーンアップ,Key Cleanup,遮罩清理,遮罩清理,키 정리,Limpieza de Clave,تنظيف المفتاح,Pembersihan Kunci,
KeyCleanup_Desc,,キーイングしたマスクの境界を調整します。マイナスで縮小、プラスで拡大します。,Adjusts the boundary of the keyed matte. Negative shrinks, positive expands.,调整抠像遮罩边界。负值缩小遮罩，正值扩大。,調整去背遮罩邊界。負值縮小遮罩，正值擴大。,키잉 마스크의 경계를 조정합니다. 음수는 축소, 양수는 확대합니다.,Ajusta el límite del mate. Negativo reduce, positivo expande.,يضبط حدود القناع. السلبي يتقلص، الإيجابي يتوسع.,Menyesuaikan batas matte. Negatif mengecilkan, positif memperluas.,
EdgeDetection_Name,,エッジ検出,Edge Detection,边缘检测,邊緣偵測,가장자리 감지,Detección de Bordes,اكتشاف الحواف,Deteksi Tepi,
EdgeDetection_Desc,,輪郭のディテールを保持する強度。値を上げるとエッジがシャープになりますが、ノイズが増えることがあります。,Strength of preserving edge details. Higher makes edges sharper but may increase noise.,保留边缘细节的强度。数值越高边缘越锐利，但也可能增加噪点。,保留邊緣細節的強度。數值越高邊緣越銳利，但也可能增加雜訊。,윤곽 디테일 유지 강도입니다. 올리면 뚜렷해지지만 노이즈가 늘 수 있습니다.,Fuerza para preservar bordes. Puede hacer bordes más nítidos pero añade ruido.,قوة الحفاظ على الحواف. الحواف تبدو أكثر حدة ولكن قد يزيد الضوضاء.,Kekuatan mempertahankan detail tepi. Dapat memperjelas tepi namun memicu noise.,
Denoise_Name,,ノイズ除去,Denoise,降噪,降噪,노이즈 제거,Eliminar Ruido,إزالة الضوضاء,Penghilang Noise,
Denoise_Desc,,マスクから細かいノイズを除去します。,Removes fine noise from the matte.,从遮罩中去除细微噪点。,從遮罩中去除細微雜訊。,마스크에서 미세한 노이즈를 제거합니다.,Remueve ruidos finos del mate.,يزيل الضوضاء الدقيقة من القناع.,Menghilangkan noise halus dari matte.,
Feathering_Name,,フェザリング,Feathering,羽化,羽化,페더링(테두리 흐림),Desvanecimiento,ترييش,Bulu Halus,
Feathering_Desc,,マスクのエッジをぼかして、背景となじませます。,Feathers matte edges to blend them into the background.,羽化遮罩边缘使其融入背景。,羽化遮罩邊緣使其融入背景。,마스크 테두리를 흐리게 하여 배경 속으로 자연스럽게 만듭니다.,Suaviza bordes para integrarlos con el fondo.,يموه حواف القناع لدمجها مع الخلفية.,Menghaluskan tepi matte untuk bercampur dengan latar.,
TranslucentDespill_Name,,半透明デスピル,Translucent Despill,半透明去溢色,半透明去溢色,반투명 디스필,Desaturar Translúcido,إزالة الانسكاب شبه الشفاف,Penghilang Tumpahan Transparan,
TranslucentDespill_Desc,,半透明部分に残る背景色（スピル）を除去します。グラスや煙、モーションブラーなどに有効です。,"Removes background spill in translucent areas like glass, smoke, or motion blur.",去除残留于半透明部分（如玻璃、烟雾等）的背景溢色。,去除殘留於半透明部分（如玻璃、煙霧等）的背景溢色。,유리나 연기 등 반투명한 부분에 남는 배경색을 제거합니다.,Remueve derrame en áreas translúcidas como vidrio o humo.,يزيل الانسكاب في المناطق شبه الشفافة مثل الزجاج أو الدخان.,Menghapus pantulan warna di area transparan seperti kaca atau asap.,
TransparencyQuality_Name,,透明度品質,Transparency Quality,透明度质量,透明度品質,투명도 품질,Calidad de Transparencia,جودة الشفافية,Kualitas Transparansi,
TransparencyQuality_Desc,,透明度の高い部分（煙など）の処理品質を向上させます。,Improves processing quality for highly transparent areas (like smoke).,改善高透明度区域（如烟雾等）的处理质量。,改善高透明度區域（如煙霧等）的處理品質。,투명도가 높은 부분의 처리 품질을 개선합니다.,Mejora calidad de áreas con alta transparencia.,يحسن جودة معالجة المناطق الشفافة للغاية.,Meningkatkan kualitas bagian yang transparan (seperti asap).,
AlphaBlendAdjustment_Name,,アルファブレンド調整,Alpha Blend Fix,Alpha 混合调整,Alpha 混合調整,알파 블렌드 조절,Ajuste de Mezcla Alfa,ضبط مزيج ألفا,Penyesuaian Alpha Blend,
AlphaBlendAdjustment_Desc,,前景と背景の混合処理を調整します。,Adjusts blending logic between foreground and background.,调整前景与背景的混合处理。,調整前景與背景的混合處理。,전경과 배경의 혼합 처리를 조절합니다.,Ajusta la forma de mezclar primer plano con fondo.,يضبط المعالجة بين المقدمة والخلفية.,Menyesuaikan cara campuran latar depan dan latar belakang.,
TargetResidualColor_Name,,補正対象色,Target Residual Color,残余颜色(目标),殘餘色彩(標的),보정 대상 색상,Color Residual a Corregir,اللون المتبقي المستهدف,Warna Tersisa Target,
TargetResidualColor_Desc,,補正したい残存色を指定します。,Specifies the residual background color you want to correct.,指定希望被补正的残留背景颜色。,指定希望被補正的殘留背景色彩。,보정할 남아있는 배경색을 선택합니다.,Especifica el color de fondo residual a modificar.,يحدد لون الخلفية المتبقي الذي تريد تصحيحه.,Menentukan sisa warna latar yang akan dikoreksi.,
CorrectedColor_Name,,補正後の色,Corrected Color,校正后颜色,校正後色彩,보정 결과 색상,Color Corregido,اللون المصحح,Warna Terkoreksi,
CorrectedColor_Desc,,残存色をこの色に変換します。,Converts target residual color to this.,将残余颜色转换为该颜色。,將殘餘色彩轉換為該色彩。,잔존 색상을 이 색상으로 변환합니다.,Convierte el color residual a este nuevo color.,يحول اللون المتبقي إلى هذا اللون.,Mengubah sisa warna target menjadi warna ini.,
ResidualColorCorrection_Name,,残存色補正,Residual Color Fix,残留颜色补正,殘留色彩補正,잔존 색상 보정,Corrección de Color Residual,تصحيح اللون المتبقي,Koreksi Sisa Warna,
ResidualColorCorrection_Desc,,クロマキーで残った背景色を他の色に変換します。,Converts remaining keyed background colors into another color.,将抠像后残留的背景颜色转换为新的指定颜色。,將去背後殘留的背景顏色轉換為新的指定顏色。,크로마키 후 남아있는 배경색을 다른 색으로 변환합니다.,Transforma colores residuales en otros.,يحول ألوان الخلفية المتبقية إلى لون آخر.,Mengubah warna latar belakang tersisa ke warna lain.,
CorrectionTolerance_Name,,補正許容値,Correction Tolerance,校正容差,校正容差,보정 허용 오차,Tolerancia de Corrección,تسامح التصحيح,Toleransi Koreksi,
CorrectionTolerance_Desc,,色補正の許容範囲。値を大きくすると、より広い範囲の色が補正されます。,Tolerance for color correction. Higher values affect more colors.,颜色校正的容差范围。数值越大，补正范围越广。,顏色校正的容差範圍。數值越大，補正範圍越廣。,색상 보정의 허용 범위. 클수록 넓은 범위가 보정됩니다.,Tolerancia para la corrección de color. Afecta a más colores.,التسامح لتصحيح الألوان. يؤثر على المزيد من الألوان.,Toleransi koreksi warna. Nilai lebih tinggi memproses lebih banyak warna.,
ForegroundBrightness_Name,,前景の明るさ,Foreground Brightness,前景亮度,前景亮度,전경 밝기,Brillo del Primer Plano,سطوع المقدمة,Kecerahan Depan,
ForegroundBrightness_Desc,,キーイング後の前景（くり抜かれた部分）の明るさを調整します。,Adjusts brightness of the foreground (keyed element) after keying.,调整抠像后前景部分的亮度。,調整去背後前景部分的亮度。,크로마키 처리된 전경의 밝기를 조절합니다.,Ajusta el brillo del elemento de primer plano.,يضبط سطوع المقدمة بعد المفتاح.,Menyesuaikan kecerahan objek depan.,
ForegroundContrast_Name,,前景のコントラスト,Foreground Contrast,前景对比度,前景對比度,전경 대비,Contraste del Primer Plano,تباين المقدمة,Kontras Depan,
ForegroundContrast_Desc,,キーイング後の前景のコントラストを調整します。,Adjusts contrast of the foreground after keying.,调整抠像后前景的对比度。,調整去背後前景的對比度。,크로마키 처리된 전경의 대비를 조절합니다.,Ajusta el contraste del elemento en primer plano.,يضبط تباين المقدمة بعد المفتاح.,Menyesuaikan kontras objek depan.,
ForegroundSaturation_Name,,前景の彩度,Foreground Saturation,前景饱和度,前景飽和度,전경 채도,Saturación del Primer Plano,تشبع المقدمة,Saturasi Depan,
ForegroundSaturation_Desc,,キーイング後の前景の彩度を調整します。,Adjusts saturation of the foreground after keying.,调整抠像后前景的饱和度。,調整去背後前景的飽和度。,크로마키 처리된 전경의 채도를 조절합니다.,Ajusta la saturación del elemento de primer plano.,يضبط تشبع المقدمة بعد المفتاح.,Menyesuaikan saturasi objek depan.,
IsCompleteKey_Name,,完全クロマキー,Complete Key,完全抠像,完全去背,완전 크로마키,Clave Completa,مفتاح كامل,Kunci Lengkap,
IsCompleteKey_Desc,,オンにすると、輝度を保持せず完全に透過させます。スピル除去なども無効になります。,Makes key fully transparent without retaining luminance. Disables despill.,勾选后不保留亮度信息进行绝对透明，同时将禁用溢色抑制等功能。,勾選後不保留亮度資訊進行絕對透明，同時將停用溢色抑制等功能。,켜면 휘도를 유지하지 않고 완전히 투명하게 만듭니다. 스필 제거 등도 비활성화됩니다.,Hazlo 100% transparente sin retener luminancia. Desactiva despill.,يجعله شفافا تماما بدون نصوع. يعطل بعض الوظائف.,Membuat kunci sepenuhnya transparan tanpa mempertahankan luminasi.,
IsInverted_Name,,反転,Invert,反转,反轉,반전,Invertir,عكس,Balik,
IsInverted_Desc,,透過範囲を反転します。,Inverts the transparent areas.,反转遮罩的透明范围。,反轉遮罩的透明範圍。,투명한 범위를 반전합니다.,Invierte las áreas transparentes.,يعكس المناطق الشفافة.,Membalikkan area transparan.,
QualityPreset_Name,,品質プリセット,Quality Preset,质量预设,品質預設,품질 프리셋,Preset de Calidad,ضبط الجودة المسبق,Preset Kualitas,
QualityPreset_Desc,,処理の品質を選択します。高品質ほど処理が重くなります。,Select processing quality. Higher quality is more demanding on performance.,选择处理质量。质量越高，处理负担越重。,選擇處理品質。品質越高，處理負擔越重。,처리 품질을 설정합니다. 고품질일수록 처리가 무거워집니다.,Selecciona la calidad. Más calidad requiere más rendimiento.,حدد جودة المعالجة. جودة أعلى تتطلب أداء أكثر.,Pilih kualitas pemrosesan. Kualitas lebih tinggi lebih berat.,
DebugMode_Name,,表示モード,Display Mode,显示模式,顯示模式,표시 모드,Modo de Visualización,وضع العرض,Mode Tampilan,
DebugMode_Desc,,デバッグ用に、エフェクトの各処理段階の画像を表示します。,Displays different effect processing stages for debugging.,用于调试目的，显示特效在此阶段的处理图像。,適用於偵錯，顯示特效在此階段的處理影像。,디버그를 위해 이펙트의 각 처리 단계를 표시합니다.,Muestra fases del efecto para depuración.,يعرض مراحل المعالجة للتصحيح.,Menampilkan tahapan efek untuk debug.,
AdvancedColorSpace_RGB,,RGB(標準),RGB (Standard),RGB (标准),RGB (標準),RGB (표준),RGB (Estándar),RGB (قياسي),RGB (Standar),
AdvancedColorSpace_HSV,,HSV(色相重視),HSV (Hue-centric),HSV (重色相),HSV (色彩為主),HSV (색조 중심),HSV (Centrado en Tono),HSV (التركيز على الصبغة),HSV (Fokus Rona),
AdvancedColorSpace_Lab,,CIE Lab(知覚的),CIE Lab (Perceptual),CIE Lab (感知距离),CIE Lab (感知距離),CIE Lab (지각적),CIE Lab (Perceptual),CIE Lab (إدراكي),CIE Lab (Perseptual),
AdvancedColorSpace_YUV,,YUV(放送品質),YUV (Broadcast Quality),YUV (广播级),YUV (廣播級),YUV (방송 품질),YUV (Calidad Broadcast),YUV (جودة البث),YUV (Kualitas Siaran),
AdvancedColorSpace_XYZ,,XYZ(CIE標準),XYZ (CIE Standard),XYZ (CIE标准),XYZ (CIE標準),XYZ (CIE 표준),XYZ (Estándar CIE),XYZ (معيار CIE),XYZ (Standar CIE),
AdvancedColorSpace_LCH,,LCH(知覚円筒),LCH (Perceptual Cylinder),LCH (感知圆柱),LCH (感知圓柱),LCH (지각적 원통형),LCH (Cilindrico Perceptual),LCH (أسطوانة إدراكية),LCH (Silinder Perseptual),
AdvancedColorSpace_CIEDE2000,,CIEDE2000(最高精度),CIEDE2000 (Highest Precision),CIEDE2000 (最高精度),CIEDE2000 (最高精度),CIEDE2000 (최고 정밀도),CIEDE2000 (Mayor Precisión),CIEDE2000 (أعلى دقة),CIEDE2000 (Presisi Tertinggi),
KeyColorType_Custom,,カスタム,Custom,自定义,自訂,사용자 지정,Personalizado,مخصص,Kustom,
KeyColorType_Green,,緑,Green,绿色,綠色,녹색,Verde,أخضر,Hijau,
KeyColorType_Blue,,青,Blue,蓝色,藍色,파란색,Azul,أزرق,Biru,
KeyColorType_Red,,赤,Red,红色,紅色,빨간색,Rojo,أحمر,Merah,
DebugViewMode_Result,,最終結果,Final Result,最终结果,最終結果,최종 결과,Resultado Final,النتيجة النهائية,Hasil Akhir,
DebugViewMode_Matte,,マスク表示,Matte Display,显示遮罩,顯示遮罩,마스크 표시,Ver Mate,عرض القناع,Tampilan Matte,
DebugViewMode_ColorDistance,,色距離,Color Distance,颜色距离,顏色距離,색 거리,Distancia de Color,مسافة اللون,Jarak Warna,
DebugViewMode_SpillSuppressed,,スピル除去後,After Spill Suppression,去除溢色后,去除溢色後,스필 제거 후,Post-Supresión,بعد إزالة الانسكاب,Setelah Penghilang Tumpahan,
DebugViewMode_ColorCorrected,,色補正後,After Color Correction,校正颜色后,校正顏色後,색상 보정 후,Post-Corrección de Color,بعد تصحيح الألوان,Setelah Koreksi Warna,
QualityPreset_Fast,,高速,Fast,高速,高速,빠름,Rápido,سريع,Cepat,
QualityPreset_Balanced,,バランス,Balanced,平衡,平衡,균형,Equilibrado,متوازن,Seimbang,
QualityPreset_HighQuality,,高品質,High Quality,高质量,高品質,고품질,Alta Calidad,جودة عالية,Kualitas Tinggi,
ValidationRule_Error_BaseColorTransparency,,カスタムモードでは、基本色を不透明に設定してください。完全に透明な色はキーイングできません。,In custom mode, set the base color to opaque. Completely transparent colors cannot be keyed.,在自定义模式下，请将基本颜色设置为不透明。完全透明的颜色无法进行抠像处理。,在自訂模式下，請將基本色設置為不透明。完全透明的色彩無法進行去背處理。,사용자 정의 모드에서는 기본 색상을 불투명하게 설정하세요. 완전히 투명한 색상은 키잉할 수 없습니다.,En modo personalizado, establece el color base como opaco. Los colores completamente transparentes no se pueden recortar.,في الوضع المخصص، اضبط اللون الأساسي على معتم. لا يمكن مفاتح الألوان الشفافة تماماً.,Dalam mode khusus, atur warna dasar menjadi buram. Warna yang sepenuhnya transparan tidak dapat dikunci.,
ValidationRule_Error_ClipBlackWhiteInverted,,クリップ(黒)の値がクリップ(白)以上になっています。マスクが正常に生成されません。,Clip Black value is greater than or equal to Clip White value. The mask will not be generated correctly.,剪集(黑)的值大于等于剪集(白)的值。遮罩无法正确生成。,剪裁(黑)的值大於或等於剪裁(白)的值。遮罩無法正確生成。,클립(검은색)의 값이 클립(흰색) 이상입니다. 마스크가 올바르게 생성되지 않습니다.,El valor de Recorte Negro es mayor que o igual al de Recorte Blanco. La máscara no se generará correctamente.,قيمة قص الأسود أكبر من أو تساوي قيمة قص الأبيض. لن يتم إنشاء القناع بشكل صحيح.,Nilai Klip Hitam lebih besar dari atau sama dengan nilai Klip Putih. Matte tidak akan dihasilkan dengan benar.,
ValidationRule_Warning_ToleranceExtremelyLow,,許容値が極端に低いため、意図した範囲が透過されない可能性があります。,"Tolerance is extremely low, so the intended range may not be keyed.",容差极低，可能导致意图的范围无法透过。,容差極低，可能導致意圖的範圍無法透過。,허용 오차가 극도로 낮아서 의도한 범위가 키잉되지 않을 수 있습니다.,"La tolerancia es extremadamente baja, por lo que el rango previsto puede no recortarse.",التسامح منخفض جداً، لذا قد لا يتم مفاتح النطاق المقصود.,"Toleransi sangat rendah, sehingga rentang yang dimaksudkan mungkin tidak dikunci.",
ValidationRule_Warning_ToleranceExtremelyHigh,,許容値が極端に高いため、前景の意図しない部分まで透過される可能性があります。,"Tolerance is extremely high, so unintended parts of the foreground may be keyed.",容差极高，可能导致前景中不需要的部分被透过。,容差極高，可能導致前景中不需要的部分被透過。,허용 오차가 극도로 높아서 전경의 원치 않은 부분이 키잉될 수 있습니다.,"La tolerancia es extremadamente alta, por lo que partes no deseadas del primer plano pueden recortarse.",التسامح مرتفع جداً، لذا قد يتم مفاتح أجزاء غير مقصودة من المقدمة.,"Toleransi sangat tinggi, sehingga bagian objek depan yang tidak diinginkan mungkin dikunci.",
ValidationRule_Warning_SoftnessWithoutTolerance,,エッジの柔らかさを機能させるには、許容値を少し上げる必要があります。,Edge Softness requires tolerance to be increased to function properly.,要使边缘柔和度正常工作，需要提高容差值。,要使邊緣柔和度正常工作，需要提高容差值。,가장자리 부드러움 기능이 작동하려면 허용 오차를 약간 높여야 합니다.,La suavidad de borde requiere que la tolerancia se aumente para funcionar.,تتطلب نعومة الحافة زيادة التسامح لكي تعمل بشكل صحيح.,Kelembutan Tepi memerlukan toleransi ditingkatkan untuk berfungsi dengan baik.,
ValidationRule_Warning_HighLuminanceMix,,輝度ミックスが高すぎると、色の情報が無視され、明るさだけでキーイングされます。,If Luminance Mix is too high, color information will be ignored and only brightness will be used for keying.,亮度混合过高会导致颜色信息被忽略，仅使用亮度进行抠像。,亮度混合過高會導致色彩資訊被忽略，僅使用亮度進行去背。,휘도 혼합이 너무 높으면 색상 정보가 무시되고 밝기만 사용하여 키잉됩니다.,Si la mezcla de luminancia es demasiado alta, la información de color se ignorará y solo se usará brillo.,إذا كانت مزيج النصوع مرتفعة جداً، سيتم تجاهل معلومات اللون وسيتم استخدام السطوع فقط.,Jika Pencampuran Luminasi terlalu tinggi, informasi warna akan diabaikan dan hanya kecerahan yang digunakan.,
ValidationRule_Warning_ClipAndSoftnessConflict,,クリップ設定とエッジの柔らかさの両方が高く設定されています。意図しない硬い輪郭になる可能性があります。,Both Clip settings and Edge Softness are set high. This may result in unintended hard edges.,剪裁设置和边缘柔和度的设置都很高。可能导致出现不期望的硬边。,剪裁設置和邊緣柔和度的設置都很高。可能導致出現不期望的硬邊。,클립 설정과 가장자리 부드러움이 모두 높게 설정되어 있습니다. 예상치 못한 경계가 생길 수 있습니다.,Los ajustes de Recorte y Suavidad de Borde están configurados alto. Esto puede resultar en bordes duros no deseados.,يتم تعيين إعدادات القص ونعومة الحافة على حد سواء عالياً. قد يؤدي هذا إلى حواف صلبة غير مقصودة.,Pengaturan Klip dan Kelembutan Tepi sama-sama diatur tinggi. Ini dapat menghasilkan tepi keras yang tidak diinginkan.,
ValidationRule_Info_GradientStrengthZero,,グラデーション強度が0%のため、「終端色」と「グラデーション角度」は効果がありません。,"Gradient Strength is 0%, so ""End Color"" and ""Gradient Angle"" have no effect.","渐变强度为0%，因此""终端色""和""渐变角度""无效。",漸層強度為0%，因此「終端色」和「漸層角度」無效。,"그라데이션 강도가 0%이므로 ""끝 색상""과 ""그라데이션 각도""는 효과가 없습니다.","La intensidad del degradado es 0%, por lo que ""Color Final"" y ""Ángulo de Degradado"" no tienen efecto.","قوة التدرج هي 0%، لذا ""لون النهاية"" و""زاوية التدرج"" لا تأثير لهما.","Kekuatan Gradasi adalah 0%, jadi ""Warna Akhir"" dan ""Sudut Gradasi"" tidak berpengaruh.",
ValidationRule_Info_SpillSuppressionWithCustom,,スピル除去は、主要キーイング色が「緑」「青」「赤」の時に最も効果的です。,"Spill Suppression is most effective when the main key color is Green, Blue, or Red.",溅色除去在主要键色为绿、蓝或红时最有效。,溅色去除在主要鍵色為綠、藍或紅時最有效。,"스필 제거는 주요 키잉 색상이 녹색, 파란색 또는 빨간색일 때 가장 효과적입니다.","La eliminación de derrames es más efectiva cuando el color clave principal es Verde, Azul o Rojo.",إزالة الانسكاب أكثر فعالية عندما يكون لون المفتاح الرئيسي أخضر أو أزرق أو أحمر.,"Penekan Warna Lepas paling efektif ketika warna kunci utama adalah Hijau, Biru, atau Merah.",
ValidationRule_Info_ReplaceIntensityZero,,置換の強度が0%のため、「置換色」と「輝度保持」は効果がありません。,"Replace Intensity is 0%, so ""Replace Color"" and ""Preserve Luminance"" have no effect.","替换强度为0%，因此""替换色""和""保留亮度""无效。",替換強度為0%，因此「替換色」和「保留亮度」無效。,"교체 강도가 0%이므로 ""교체 색상""과 ""휘도 보존""은 효과가 없습니다.","La intensidad de reemplazo es 0%, por lo que ""Color de Reemplazo"" y ""Preservar Luminancia"" no tienen efecto.","شدة الاستبدال هي 0%، لذا ""لون الاستبدال"" و""الحفاظ على النصوع"" لا تأثير لهما.","Intensitas Penggantian adalah 0%, jadi ""Warna Penggantian"" dan ""Pertahankan Luminasi"" tidak berpengaruh.",
ValidationRule_Info_ReplaceColorTransparent,,置換色が透明です。これは除去した領域の不透明度を下げる効果になります。,Replace Color is transparent. This has the effect of reducing opacity of the removed area.,替换色是透明的。这将降低移除区域的不透明度。,替換色是透明的。這將降低移除區域的不透明度。,교체 색상이 투명합니다. 이는 제거된 영역의 불투명도를 감소시킵니다.,El color de reemplazo es transparente. Esto reduce la opacidad del área eliminada.,لون الاستبدال شفاف. هذا يقلل من عتامة المنطقة المزالة.,Warna Penggantian transparan. Ini mengurangi opasitas area yang dihapus.,
ValidationRule_Info_ColorSpaceForCustomOnly,,色空間の変更は、主要キーイング色が「カスタム」の時にのみ適用されます。,"Color Space changes are applied only when the main key color is set to ""Custom"".","色彩空间更改仅在主要键色设置为""自定义""时才适用。",色彩空間更改僅在主要鍵色設置為「自訂」時才適用。,"색상 공간 변경은 주요 키잉 색상이 ""사용자 정의""로 설정된 경우에만 적용됩니다.","Los cambios de espacio de color se aplican solo cuando el color clave principal está configurado en ""Personalizado"".","يتم تطبيق تغييرات فضاء اللون فقط عندما يكون لون المفتاح الرئيسي مضبوطاً على ""مخصص"".","Perubahan Ruang Warna diterapkan hanya ketika warna kunci utama diatur ke ""Khusus"".",
ValidationRule_Info_HueRangeForSpecificSpaces,,色相範囲は、色空間が「HSV」または「LCH」の場合にのみ有効です。,"Hue Range is valid only when Color Space is ""HSV"" or ""LCH"".","色相范围仅在色彩空间为""HSV""或""LCH""时有效。",色相範圍僅在色彩空間為「HSV」或「LCH」時有效。,"색상 범위는 색상 공간이 ""HSV"" 또는 ""LCH""인 경우에만 유효합니다.","El rango de tonalidad es válido solo cuando el espacio de color es ""HSV"" o ""LCH"".","نطاق الصبغة صالح فقط عندما يكون فضاء اللون ""HSV"" أو ""LCH"".","Rentang Hue valid hanya ketika Ruang Warna adalah ""HSV"" أو ""LCH"".",
ValidationRule_Info_SaturationThresholdForHsvOnly,,彩度閾値は、色空間が「HSV」の場合にのみ有効です。,"Saturation Threshold is valid only when Color Space is HSV.","饱和度阈值仅在色彩空间为HSV时有效。",飽和度閾值僅在色彩空間為「HSV」時有效。,"포화도 임계값은 색상 공간이 HSV인 경우에만 유효합니다.","El umbral de saturación es válido solo cuando el espacio de color es HSV.","حد التشبع صالح فقط عندما يكون فضاء اللون HSV.","Ambang Saturasi valid hanya ketika Ruang Warna adalah HSV.",
ValidationRule_Info_LuminanceRangeForSpecificSpaces,,"明度範囲は、色空間が「RGB」または「YUV」の場合にのみ有効です。","Luminance Range is valid only when Color Space is RGB or YUV.","亮度范围仅在色彩空间为RGB或YUV时有效。","亮度範圍僅在色彩空間為「RGB」或「YUV」時有效。","휘도 범위는 색상 공간이 RGB 또는 YUV인 경우에만 유효합니다.","El rango de luminancia es válido solo cuando el espacio de color es RGB o YUV.","نطاق النصوع صالح فقط عندما يكون فضاء اللون RGB أو YUV.","Rentang Luminasi valid hanya ketika Ruang Warna adalah RGB atau YUV.",
ValidationRule_Info_CompleteKeyBypassesQuality,,完全クロマキーモードでは、スピル除去・エッジ彩度除去・輝度保持は無効になります。,"In Complete Key mode, Spill Suppression, Edge Desaturation, and Preserve Luminance are disabled.",在完全抠像模式下，溅色除去、边缘去饱和和保留亮度都被禁用。,在完全去背模式下，濺色去除、邊緣去飽和和保留亮度都被禁用。,"완전 키잉 모드에서는 스필 제거, 에지 채도 제거 및 휘도 보존이 비활성화됩니다.","En modo de recorte completo, la eliminación de derrames, desaturación de borde y preservación de luminancia se desactivan.",في وضع المفتاح الكامل، يتم تعطيل إزالة الانسكاب وإزالة تشبع الحافة والحفاظ على النصوع.,"Dalam mode Kunci Lengkap, Penekan Warna Lepas, Desaturasi Tepi, dan Pertahankan Luminasi dinonaktifkan.",
ValidationRule_Warning_ExceptionColorTransparent,,例外色が透明に設定されているため、「例外設定」は機能しません。,"Exception Color is set to transparent, so ""Exception Settings"" will not function.","例外色设置为透明，因此""例外设置""将不起作用。",例外色設置為透明，因此「例外設定」將不起作用。,"예외 색상이 투명하게 설정되어 있으므로 ""예외 설정""이 작동하지 않습니다.","El color de excepción está establecido como transparente, por lo que ""Configuración de Excepción"" no funcionará.","يتم تعيين لون الاستثناء على الشفاف، لذا ""إعدادات الاستثناء"" لن تعمل.","Warna Pengecualian diatur transparan, jadi ""Pengaturan Pengecualian"" tidak akan berfungsi.",
ValidationRule_Info_ExceptionGradientStrengthZero,,例外グラデーション強度が0%のため、「例外色2 (終端)」と「グラデーション角度」は効果がありません。,"Exception Gradient Strength is 0%, so ""Exception Color 2 (End)"" and ""Gradient Angle"" have no effect.","例外渐变强度为0%，因此""例外色2 (终端)""和""渐变角度""无效。",例外漸層強度為0%，因此「例外色2 (終端)」和「漸層角度」無效。,"예외 그라데이션 강도가 0%이므로 ""예외 색상 2 (끝)"" 및 ""그라데이션 각도""는 효과가 없습니다.","La intensidad del gradado de excepción es 0%, por lo que ""Color de excepción 2 (fin)"" y ""Ángulo de degradado"" no tienen efecto.","شدة تدرج الاستثناء هي 0%، لذا ""الاستثناء لون 2 (النهاية)"" و""زاوية التدرج"" لا تأثير.","Kekuatan Gradasi Pengecualian adalah 0%, jadi ""Warna Pengecualian 2 (Akhir)"" dan ""Sudut Gradasi"" tidak berpengaruh.",
ValidationRule_Info_ResidualColorCorrectionZero,,残存色補正の強度が0%のため、「補正対象色」と「補正後の色」は効果がありません。,"Residual Color Correction intensity is 0%, so ""Target Residual Color"" and ""Corrected Color"" have no effect.","残存色补正强度为0%，因此""补正对象色""和""补正后的色""无效。",殘存色補正強度為0%，因此「補正對象色」和「補正後的色」無效。,"잔존 색상 보정 강도가 0%이므로 ""대상 잔존 색상"" 및 ""보정된 색상""은 효과가 없습니다.","La intensidad de corrección de color residual es 0%, por lo que ""Color de Residuo Objetivo"" y ""Color Corregido"" no tienen efecto.","شدة تصحيح اللون المتبقي هي 0%، لذا ""لون البقايا المستهدفة"" و""اللون المصحح"" لا تأثير لهما.","Intensitas Koreksi Warna Residu adalah 0%, jadi ""Warna Residu Target"" dan ""Warna Terkoreksi"" tidak berpengaruh.",
ValidationRule_Warning_GradientStrengthHigh,,グラデーション強度が高すぎると、意図しない範囲まで透過される可能性があります。煙などの透明度が高い部分で問題が発生する場合は、「透明度品質」を上げてください。,"If Gradient Strength is too high, unintended areas may be keyed. If issues occur with high-transparency areas like smoke, increase ""Transparency Quality"".","如果渐变强度过高，可能会对意外的范围进行抠像处理。如果烟雾等高透明度部分出现问题，请提高""透明度质量""。",如果漸層強度過高，可能會對意外的範圍進行去背處理。如果煙霧等高透明度部分出現問題，請提高「透明度品質」。,"그라데이션 강도가 너무 높으면 의도하지 않은 영역이 키잉될 수 있습니다. 연기 등 높은 투명도 영역에서 문제가 발생하면 ""투명도 품질""을 높이세요.","Si la intensidad del degradado es demasiado alta, pueden recortarse áreas no deseadas. Si hay problemas con áreas de alta transparencia como humo, aumente ""Calidad de Transparencia"".","إذا كانت شدة التدرج مرتفعة جداً، قد يتم مفاتح مناطق غير مقصودة. إذا حدثت مشاكل في مناطق عالية الشفافية مثل الدخان، قم بزيادة ""جودة الشفافية"".","Jika Kekuatan Gradasi terlalu tinggi, area yang tidak diinginkan dapat dikunci. Jika masalah terjadi dengan area transparan tinggi seperti asap, tingkatkan ""Kualitas Transparansi"".",
ValidationRule_Performance_HighQualitySettings,,高品質モードで重い処理が組み合わさっています。パフォーマンスに影響する可能性があります。,Heavy processing is combined in High Quality mode. This may impact performance.,在高品质模式下结合了重型处理。这可能会影响性能。,在高品質模式下結合了重型處理。這可能會影響效能。,고품질 모드에서 무거운 처리가 결합되어 있습니다. 이는 성능에 영향을 미칠 수 있습니다.,El procesamiento pesado se combina en modo de alta calidad. Esto puede afectar el rendimiento.,يتم دمج المعالجة الثقيلة في وضع الجودة العالية. قد يؤثر هذا على الأداء.,Pemrosesan berat digabungkan dalam mode Kualitas Tinggi. Ini dapat mempengaruhi kinerja.,
UpdateChecker_NewVersionAvailable,,新しいバージョン v{0} が利用可能です。(現在: v{1}),New version v{0} is available. (Current: v{1}),新版本 v{0} 可用。(当前: v{1}),新版本 v{0} 可用。(目前: v{1}),새로운 버전 v{0}을(를) 사용할 수 있습니다. (현재: v{1}),Nueva versión v{0} disponible. (Actual: v{1}),الإصدار الجديد v{0} متاح. (الحالي: v{1}),Versi baru v{0} tersedia. (Saat ini: v{1}),
Empty,,,,,,